,bch,btc,eth,ltc,xrp
2018-03-13 00:31:12.198638,845.71,7398.9,563.4,145.5,0.63967
2018-03-13 00:31:42.699418,845.71,7410.3,565.07,145.5,0.63967
2018-03-13 00:32:13.209462,845.71,7426.32,565.07,145.5,0.63967
2018-03-13 00:32:43.853871,845.71,7426.32,565.07,145.5,0.63967
2018-03-13 00:33:14.410279,845.71,7415.71,565.07,145.5,0.63967
2018-03-13 00:33:44.721128,845.71,7417.59,565.07,144.79,0.63967
2018-03-13 00:34:15.010179,845.71,7429.69,562.9,144.79,0.63967
2018-03-13 00:34:45.549766,845.71,7430.0,562.9,144.79,0.63967
2018-03-13 00:35:17.013047,845.71,7442.33,565.0,145.49,0.63967
2018-03-13 00:35:48.703576,845.71,7467.44,567.4,145.49,0.63967
2018-03-13 00:36:19.206128,845.71,7481.81,568.3,145.73,0.63967
2018-03-13 00:36:49.673827,845.71,7480.0,569.45,145.73,0.63967
2018-03-13 00:37:20.283113,845.71,7477.36,565.86,145.73,0.63967
2018-03-13 00:37:50.819929,845.71,7485.57,565.86,145.84,0.63967
2018-03-13 00:38:21.079162,845.71,7512.4,569.49,146.08,0.63967
2018-03-13 00:38:51.542529,845.71,7527.2,569.5,146.25,0.63967
2018-03-13 00:39:21.799322,845.71,7505.58,569.5,146.25,0.63967
2018-03-13 00:39:52.271206,845.71,7505.58,568.89,146.22,0.63967
2018-03-13 00:40:23.977544,845.71,7499.29,568.89,146.22,0.63967
2018-03-13 00:40:54.291916,865.01,7499.29,568.89,146.22,0.63967
2018-03-13 00:41:24.941454,865.01,7517.1,567.72,146.22,0.63967
2018-03-13 00:41:55.503601,865.01,7508.7,567.72,146.22,0.63967
2018-03-13 00:42:25.792188,865.01,7508.0,567.72,146.22,0.63967
2018-03-13 00:42:56.417737,865.01,7490.31,567.72,146.22,0.63967
2018-03-13 00:43:27.477616,865.01,7490.31,570.08,146.22,0.63967
2018-03-13 00:43:57.942974,865.01,7490.31,570.08,146.22,0.63967
2018-03-13 00:44:28.664115,865.01,7490.31,570.08,146.22,0.63967
2018-03-13 00:44:59.011194,871.56,7491.6,570.08,146.22,0.63967
2018-03-13 00:45:30.086949,871.56,7491.6,570.08,145.82,0.63967
2018-03-13 00:46:00.559319,871.56,7491.6,570.08,145.82,0.63927
2018-03-13 00:46:30.964842,871.56,7485.0,570.08,145.82,0.63927
2018-03-13 00:47:01.218226,871.56,7485.0,570.08,145.82,0.63927
2018-03-13 00:47:31.528231,871.56,7485.0,570.08,145.82,0.63927
2018-03-13 00:48:02.143695,871.56,7463.0,570.08,145.82,0.63927
2018-03-13 00:48:32.687264,871.56,7487.04,570.08,145.82,0.63927
2018-03-13 00:49:02.978326,871.56,7487.04,570.08,145.82,0.63927
2018-03-13 00:49:34.252100,871.56,7487.04,570.08,146.1,0.63927
2018-03-13 00:50:04.604409,871.56,7487.04,570.08,146.1,0.63927
2018-03-13 00:50:34.969526,871.56,7491.5,570.08,146.1,0.63927
2018-03-13 00:51:05.626976,871.56,7491.5,570.08,146.1,0.63927
2018-03-13 00:51:36.019185,871.56,7488.7,570.08,146.1,0.63927
2018-03-13 00:52:06.646180,871.56,7503.41,570.08,145.57,0.63927
2018-03-13 00:52:37.002298,869.58,7503.41,570.08,145.57,0.63927
2018-03-13 00:53:07.667340,869.58,7503.2,570.08,145.57,0.63927
2018-03-13 00:53:38.193363,869.58,7509.99,570.08,145.57,0.63927
2018-03-13 00:54:08.652535,863.83,7509.99,570.08,145.66,0.63927
2018-03-13 00:54:39.221584,863.83,7510.0,570.08,146.16,0.63927
2018-03-13 00:55:10.195388,863.83,7513.74,570.08,146.16,0.63927
2018-03-13 00:55:40.609258,863.83,7514.0,570.08,146.16,0.63927
2018-03-13 01:02:11.378805,863.83,0.0,569.88,146.16,0.63765
2018-03-13 01:31:18.624648,856.16,7452.92,569.16,145.02,0.6387
2018-03-13 01:31:49.197281,856.16,7474.26,569.16,145.02,0.6387
2018-03-13 01:32:19.770052,856.16,7474.32,571.0,145.02,0.6387
2018-03-13 01:32:50.352993,856.16,7483.34,568.76,145.02,0.6387
2018-03-13 01:33:20.727917,856.16,7483.34,568.89,145.02,0.6387
2018-03-13 01:33:51.452482,868.34,7483.34,568.89,145.02,0.6387
2018-03-13 01:34:21.749454,868.34,7487.36,568.89,145.02,0.6387
2018-03-13 01:34:52.520168,868.34,7487.36,568.89,145.19,0.6387
2018-03-13 01:35:22.882659,868.34,7487.36,568.89,145.19,0.6387
2018-03-13 01:35:53.307626,868.34,7487.36,568.89,145.21,0.6387
2018-03-13 01:36:23.717468,868.34,7487.36,568.89,145.21,0.6387
2018-03-13 01:36:54.319366,868.34,7487.36,568.89,145.21,0.6387
2018-03-13 01:37:24.958248,868.34,7496.15,568.89,145.21,0.6387
2018-03-13 01:37:55.742247,868.34,7496.15,568.89,145.21,0.6387
2018-03-13 01:38:26.190086,868.34,7496.15,568.89,145.21,0.6387
2018-03-13 01:38:56.732569,868.34,7496.15,568.89,145.21,0.6387
2018-03-13 01:39:27.296848,868.34,7496.15,568.89,145.21,0.6387
2018-03-13 01:39:57.676959,863.11,7496.15,568.89,145.21,0.6387
2018-03-13 01:40:29.428137,863.11,7496.11,568.89,145.21,0.6387
2018-03-13 01:41:00.095349,863.11,7496.11,568.89,145.21,0.6387
2018-03-13 01:41:30.533186,863.11,7496.11,568.89,145.21,0.6387
2018-03-13 01:42:01.359547,863.11,7496.11,568.89,145.21,0.6387
2018-03-13 01:42:32.134347,863.11,7496.11,568.89,145.21,0.6387
2018-03-13 01:43:02.559342,863.11,7496.11,568.89,145.21,0.6387
2018-03-13 01:43:32.884679,863.11,7457.5,568.89,145.21,0.6387
2018-03-13 01:44:03.247701,863.11,7457.5,568.89,145.21,0.6387
2018-03-13 01:44:33.489014,863.11,7435.37,568.89,145.21,0.6387
2018-03-13 01:45:03.785062,863.11,7423.77,568.0,145.02,0.63335
2018-03-13 01:45:34.339202,863.11,7421.46,568.0,145.02,0.63325
2018-03-13 01:46:05.107065,863.11,7421.46,568.0,145.18,0.63325
2018-03-13 01:46:35.513692,863.11,7434.84,568.0,145.18,0.63325
2018-03-13 01:47:06.260487,863.11,7434.84,568.0,145.18,0.63325
2018-03-13 01:47:36.635602,863.11,7414.84,568.0,145.18,0.63325
2018-03-13 01:48:07.324201,863.11,7398.32,565.23,144.59,0.63325
2018-03-13 01:48:37.875749,863.11,7392.0,565.23,144.44,0.63325
2018-03-13 01:49:08.463589,863.11,7392.0,565.23,144.44,0.63325
2018-03-13 01:49:38.730089,863.11,7392.0,565.23,144.44,0.63325
2018-03-13 01:50:09.369045,863.11,7392.0,565.23,144.52,0.63325
2018-03-13 01:50:39.691194,863.11,7419.4,565.23,144.52,0.63325
2018-03-13 01:51:10.223059,863.11,7426.9,565.23,144.52,0.63325
2018-03-13 01:51:40.588048,863.11,7427.22,565.23,144.52,0.63325
2018-03-13 01:52:11.033311,863.11,7427.22,565.23,144.52,0.63203
2018-03-13 01:52:41.482992,863.11,7419.57,564.4,144.52,0.63203
2018-03-13 01:53:11.891413,863.11,7419.57,564.4,144.52,0.6320600000000001
2018-03-13 01:53:42.605058,863.11,7428.99,564.4,144.48,0.6320600000000001
2018-03-13 01:54:13.027201,863.11,7427.79,564.4,144.48,0.6320600000000001
2018-03-13 01:54:43.623884,863.11,7427.8,564.4,143.76,0.6320600000000001
2018-03-13 01:55:14.813689,863.11,7427.8,564.4,143.76,0.6320600000000001
2018-03-13 01:55:45.213775,863.11,7427.8,564.4,143.76,0.6320600000000001
2018-03-13 01:56:16.004069,863.11,7427.8,564.4,143.76,0.6320600000000001
2018-03-13 01:56:46.420156,863.11,7427.8,564.4,143.76,0.6320600000000001
2018-03-13 01:57:16.691941,863.11,7400.8,564.4,143.61,0.63208
2018-03-13 01:57:47.210199,863.11,7377.41,563.14,143.47,0.632
2018-03-13 01:58:17.495316,863.11,7377.2,563.14,143.59,0.632
2018-03-13 01:58:47.956471,863.11,7377.2,563.14,143.59,0.632
2018-03-13 01:59:18.271727,863.11,7377.2,563.14,143.25,0.632
2018-03-13 01:59:48.688162,863.11,7377.2,563.14,143.25,0.632
2018-03-13 02:00:19.892050,863.11,7386.4,563.14,143.17,0.632
2018-03-13 02:00:52.331260,863.11,7381.2,563.14,143.17,0.632
2018-03-13 02:01:26.855851,863.11,7381.2,563.14,143.0,0.632
2018-03-13 02:01:57.708534,863.11,7381.07,563.14,142.96,0.632
2018-03-13 02:02:28.200102,863.11,7381.06,563.14,142.96,0.632
2018-03-13 02:02:58.978584,863.11,7381.06,563.14,142.96,0.632
2018-03-13 02:03:29.904857,856.0,7418.08,565.05,143.65,0.632
2018-03-13 02:04:00.562403,856.0,7410.5,565.05,143.65,0.632
2018-03-13 02:04:31.072188,856.0,7414.77,565.05,143.65,0.632
2018-03-13 02:05:01.760529,856.0,7414.77,565.6,143.65,0.632
2018-03-13 02:05:32.589341,856.0,7423.0,565.6,143.65,0.632
2018-03-13 02:06:03.590767,856.0,7423.0,565.6,143.65,0.632
2018-03-13 02:06:34.735914,856.0,7419.5,565.6,143.65,0.632
2018-03-13 02:31:20.042379,856.06,7450.5,568.2,144.75,0.6330100000000001
2018-03-13 02:31:50.551826,856.06,7443.51,568.2,145.24,0.6330100000000001
2018-03-13 02:32:21.047603,856.06,7423.99,568.2,144.65,0.6330100000000001
2018-03-13 02:32:51.563860,856.06,7413.0,568.2,144.65,0.6330100000000001
2018-03-13 02:33:22.409366,856.06,7413.0,566.0,144.65,0.6330100000000001
2018-03-13 02:33:52.692968,856.06,7428.9,566.0,144.65,0.6330100000000001
2018-03-13 02:34:23.527673,856.06,7428.9,566.0,144.18,0.6330100000000001
2018-03-13 02:34:53.978815,856.06,7412.2,566.0,144.18,0.6330100000000001
2018-03-13 02:35:24.550106,856.06,7412.2,566.0,144.18,0.6330100000000001
2018-03-13 02:35:55.227219,856.06,7411.74,566.0,144.18,0.6330100000000001
2018-03-13 02:36:26.009211,856.06,7411.74,566.0,144.18,0.6330100000000001
2018-03-13 02:36:56.361341,856.06,7411.74,566.0,144.18,0.6330100000000001
2018-03-13 02:37:27.046928,856.06,7411.74,566.0,144.18,0.6330100000000001
2018-03-13 02:37:57.415490,856.06,7429.92,566.0,144.18,0.6330100000000001
2018-03-13 02:38:28.083552,856.06,7431.8,566.0,144.18,0.6330100000000001
2018-03-13 02:38:58.446377,856.06,7431.9,566.0,144.18,0.6330100000000001
2018-03-13 02:39:28.959838,856.06,7431.9,566.0,144.18,0.6330100000000001
2018-03-13 02:39:59.311474,856.06,7431.9,566.0,144.18,0.6330100000000001
2018-03-13 02:40:31.203036,856.06,7438.2,566.0,144.18,0.63085
2018-03-13 02:41:01.757274,856.06,7438.2,566.0,144.18,0.63085
2018-03-13 02:41:32.704905,856.06,7438.2,567.54,144.18,0.63085
2018-03-13 02:42:03.476049,856.06,7438.2,567.54,144.18,0.63085
2018-03-13 02:42:33.774128,856.06,7438.2,567.54,143.75,0.63085
2018-03-13 02:43:04.446469,856.06,7438.2,567.54,143.75,0.63085
2018-03-13 02:43:35.125263,856.06,7438.2,567.54,143.75,0.63085
2018-03-13 02:44:05.732838,856.06,7438.2,567.54,143.75,0.63085
2018-03-13 02:44:36.126379,856.06,7438.2,567.54,143.75,0.63085
2018-03-13 02:45:06.994168,856.06,7438.2,567.54,144.43,0.63085
2018-03-13 02:45:37.606210,856.06,7438.2,565.64,144.43,0.63085
2018-03-13 02:46:08.491029,856.06,7438.2,565.64,144.43,0.63085
2018-03-13 02:46:38.972416,856.06,7438.2,565.64,144.43,0.63085
2018-03-13 02:47:09.538830,856.06,7390.0,565.64,144.43,0.63085
2018-03-13 02:47:40.106471,856.06,7390.0,565.64,143.26,0.63085
2018-03-13 02:48:10.619459,856.06,7406.89,565.64,143.26,0.63085
2018-03-13 02:48:41.280093,856.06,7406.89,565.64,143.26,0.63085
2018-03-13 02:49:11.659004,856.06,7406.89,565.64,143.26,0.63085
2018-03-13 02:49:42.138960,856.06,7420.33,565.34,143.26,0.63085
2018-03-13 02:50:13.029333,856.06,7420.33,563.91,143.26,0.63085
2018-03-13 02:50:43.591334,856.06,7420.33,563.91,143.26,0.63085
2018-03-13 02:51:13.851012,856.06,7420.33,563.91,143.26,0.63085
2018-03-13 02:51:44.482998,856.06,7420.33,563.91,143.26,0.63085
2018-03-13 02:52:15.138891,856.06,7420.33,563.91,143.26,0.63085
2018-03-13 02:52:45.476081,856.06,7421.1,563.91,143.26,0.63085
2018-03-13 02:53:16.062644,856.06,7421.1,563.91,143.26,0.63085
2018-03-13 02:53:46.471406,856.06,7421.1,563.91,143.26,0.63085
2018-03-13 02:54:16.949771,856.06,7421.1,563.91,143.26,0.63085
2018-03-13 02:54:47.328145,856.06,7421.1,563.91,143.26,0.63085
2018-03-13 02:55:18.224717,856.06,7421.1,563.91,143.26,0.63085
2018-03-13 02:55:49.004017,856.06,7421.1,563.91,143.26,0.63085
2018-03-13 02:56:19.291891,856.06,7421.1,563.91,143.26,0.63085
2018-03-13 02:56:49.921169,856.06,7421.1,563.91,143.26,0.63085
2018-03-13 02:57:20.355761,856.06,7421.1,563.91,143.26,0.63085
2018-03-13 02:57:50.773919,856.06,7421.1,563.91,143.26,0.63085
2018-03-13 02:58:21.186772,856.06,7421.1,563.91,143.26,0.63085
2018-03-13 02:58:51.705378,856.06,7421.1,563.91,143.26,0.63085
2018-03-13 02:59:22.557534,856.06,7421.1,563.91,143.26,0.63085
2018-03-13 02:59:53.035017,856.06,7421.1,563.91,143.26,0.6329199999999999
2018-03-13 03:00:24.418520,856.06,7421.1,566.33,143.26,0.62889
2018-03-13 03:00:58.140923,856.06,7421.1,566.33,143.26,0.62889
2018-03-13 03:01:30.908867,856.06,7403.02,566.33,143.26,0.63495
2018-03-13 03:02:01.597727,856.06,7403.02,566.33,143.26,0.63495
2018-03-13 03:02:31.963850,856.06,7403.02,566.33,143.26,0.63495
2018-03-13 03:03:02.559746,856.06,7403.02,566.33,143.26,0.63495
2018-03-13 03:03:33.131629,856.06,7403.02,566.33,143.26,0.63495
2018-03-13 03:04:03.480158,856.06,7403.02,565.95,143.26,0.63495
2018-03-13 03:04:34.302857,856.06,7387.43,565.95,143.26,0.63495
2018-03-13 03:05:05.052320,856.06,7387.43,565.95,143.82,0.63239
2018-03-13 03:05:35.579042,856.0,7387.43,565.95,143.82,0.63239
2018-03-13 03:06:06.264390,856.0,7387.43,565.95,143.82,0.63239
2018-03-13 03:06:36.624165,856.0,7387.43,565.95,143.82,0.63239
2018-03-13 03:31:18.578412,838.67,7301.78,559.44,143.1,0.62588
2018-03-13 03:31:49.375196,838.67,7301.78,559.44,142.6,0.62588
2018-03-13 03:32:19.789942,838.67,7301.78,559.44,142.6,0.6270600000000001
2018-03-13 03:32:50.267143,838.67,7301.78,559.44,142.85,0.6270600000000001
2018-03-13 03:33:21.017679,838.67,7330.34,559.44,142.84,0.62788
2018-03-13 03:33:51.656251,838.67,7337.71,559.44,142.84,0.62769
2018-03-13 03:34:22.165436,838.67,7348.49,562.82,142.84,0.62758
2018-03-13 03:34:52.925072,838.67,7348.49,562.82,142.84,0.62758
2018-03-13 03:35:23.617055,838.67,7333.57,562.82,142.84,0.62742
2018-03-13 03:35:54.090796,838.67,7350.23,562.48,142.84,0.62742
2018-03-13 03:36:24.504291,838.67,7350.23,563.29,142.84,0.62742
2018-03-13 03:36:55.204871,838.67,7350.23,563.29,142.84,0.62742
2018-03-13 03:37:25.479767,838.67,7350.23,563.29,142.84,0.62742
2018-03-13 03:37:55.917307,838.67,7350.23,563.29,142.84,0.62742
2018-03-13 03:38:26.158581,838.67,7350.23,563.29,142.84,0.62742
2018-03-13 03:38:56.504844,838.67,7350.23,563.29,142.84,0.62742
2018-03-13 03:39:26.802103,838.67,7350.23,563.29,142.31,0.62742
2018-03-13 03:39:57.176453,838.67,7350.23,563.29,142.31,0.62742
2018-03-13 03:40:29.133327,838.67,7350.23,563.29,142.31,0.62742
2018-03-13 03:40:59.752954,838.67,7350.23,563.29,142.31,0.62742
2018-03-13 03:41:30.369496,838.67,7362.1,563.29,142.31,0.62742
2018-03-13 03:42:01.139295,838.67,7362.1,563.29,142.31,0.62742
2018-03-13 03:42:31.946512,838.67,7362.1,563.29,142.31,0.62742
2018-03-13 03:43:02.625540,838.67,7362.1,563.29,142.31,0.62742
2018-03-13 03:43:33.126588,838.67,7362.1,563.89,142.31,0.62742
2018-03-13 03:44:03.493777,838.67,7362.1,563.89,142.31,0.62742
2018-03-13 03:44:33.774657,838.67,7349.3,563.89,142.31,0.62742
2018-03-13 03:45:04.457758,838.67,7349.3,563.89,142.51,0.62742
2018-03-13 03:45:34.837305,838.67,7349.3,563.89,142.51,0.62742
2018-03-13 03:46:05.300503,838.67,7349.3,562.93,142.51,0.62742
2018-03-13 03:46:35.803404,838.67,7360.94,562.93,142.51,0.62742
2018-03-13 03:47:06.320126,838.67,7360.94,562.93,142.51,0.62742
2018-03-13 03:47:37.000061,838.67,7360.94,562.93,142.51,0.62742
2018-03-13 03:48:07.529688,838.67,7360.94,562.93,142.51,0.62742
2018-03-13 03:48:37.996347,838.67,7342.01,562.93,142.51,0.62742
2018-03-13 03:49:08.567508,838.67,7342.01,562.93,142.51,0.62742
2018-03-13 03:49:38.815298,838.67,7342.01,562.93,142.51,0.62742
2018-03-13 03:50:09.635505,838.67,7343.87,562.93,142.51,0.6281399999999999
2018-03-13 03:50:40.293462,838.67,7346.77,562.93,142.51,0.6281399999999999
2018-03-13 03:51:10.932112,838.67,7346.77,562.93,142.51,0.6281399999999999
2018-03-13 03:51:41.459081,838.67,7346.77,565.83,142.88,0.6281399999999999
2018-03-13 03:52:11.744508,838.67,7346.77,565.97,142.83,0.6281399999999999
2018-03-13 03:52:42.289543,838.67,7346.77,565.97,142.83,0.6281399999999999
2018-03-13 03:53:12.718843,838.67,7346.77,565.97,142.83,0.6281399999999999
2018-03-13 03:53:43.364275,838.67,7346.77,565.97,142.25,0.6281399999999999
2018-03-13 03:54:13.623851,838.67,7345.0,565.97,142.25,0.6281399999999999
2018-03-13 03:54:44.180153,838.67,7345.0,565.97,142.25,0.6281399999999999
2018-03-13 03:55:15.152611,838.67,7321.61,565.97,142.25,0.6281399999999999
2018-03-13 03:55:45.598311,838.67,7321.0,563.82,142.06,0.6281399999999999
2018-03-13 03:56:16.087312,838.67,7321.0,563.82,142.82,0.6281399999999999
2018-03-13 03:56:46.747453,838.67,7321.0,563.82,142.82,0.6281399999999999
2018-03-13 03:57:17.082433,838.67,7321.0,563.82,142.82,0.6281399999999999
2018-03-13 03:57:47.336590,838.67,7321.0,563.82,142.82,0.6281399999999999
2018-03-13 03:58:17.619825,844.04,7321.0,563.82,142.82,0.6281399999999999
2018-03-13 03:58:48.095421,844.04,7321.0,563.82,142.82,0.6281399999999999
2018-03-13 03:59:18.460820,844.04,7355.19,563.82,142.82,0.6281399999999999
2018-03-13 03:59:48.994991,844.04,7340.81,566.0,142.82,0.6281399999999999
2018-03-13 04:00:20.176791,844.04,7340.81,566.0,142.82,0.6281399999999999
2018-03-13 04:00:58.758680,844.04,7340.77,566.0,142.82,0.6281399999999999
2018-03-13 04:01:32.646730,844.04,7338.7,566.0,142.82,0.6281399999999999
2018-03-13 04:02:03.703102,844.04,7351.29,566.0,142.82,0.6281399999999999
2018-03-13 04:02:34.399331,844.04,7351.29,566.0,142.82,0.6294
2018-03-13 04:03:04.885265,844.04,7351.29,566.0,142.82,0.6294
2018-03-13 04:03:35.267767,844.04,7351.29,566.0,142.82,0.6294
2018-03-13 04:04:05.556440,844.04,7351.29,566.0,142.82,0.62921
2018-03-13 04:04:36.166854,844.04,7375.08,568.15,142.82,0.62921
2018-03-13 04:05:06.771946,855.67,7413.47,570.07,143.39,0.63
2018-03-13 04:05:37.718018,855.67,7434.2,570.07,143.96,0.63352
2018-03-13 04:06:08.348109,856.25,7441.8,570.07,144.58,0.63352
2018-03-13 04:06:39.359411,856.25,7441.8,570.62,144.2,0.63352
2018-03-13 04:31:13.913178,877.45,7591.05,575.0,146.04,0.6428699999999999
2018-03-13 04:31:44.418404,875.26,7587.38,575.0,146.04,0.6428699999999999
2018-03-13 04:32:14.929762,875.26,7571.79,575.0,146.04,0.6428699999999999
2018-03-13 04:32:45.465431,873.37,7557.13,575.0,146.04,0.64137
2018-03-13 04:33:15.710790,873.37,7557.13,575.0,145.95,0.64137
2018-03-13 04:33:46.354394,873.37,7563.72,575.0,145.95,0.64417
2018-03-13 04:34:16.697359,873.37,7575.5,575.0,145.95,0.64417
2018-03-13 04:34:46.964621,873.37,7575.5,575.0,145.95,0.64137
2018-03-13 04:35:17.950115,873.37,7575.5,575.0,145.95,0.64375
2018-03-13 04:35:48.587660,873.37,7557.01,573.81,145.95,0.64375
2018-03-13 04:36:19.340962,873.37,7557.26,573.81,145.95,0.64137
2018-03-13 04:36:50.164045,873.37,7557.27,573.81,145.95,0.64137
2018-03-13 04:37:20.643255,873.37,7557.27,573.81,145.95,0.64137
2018-03-13 04:37:51.279749,873.37,7582.19,573.81,145.95,0.64137
2018-03-13 04:38:21.907696,873.37,7581.78,573.81,145.98,0.64137
2018-03-13 04:38:52.433479,873.37,7581.78,573.81,145.98,0.64137
2018-03-13 04:39:22.937161,873.37,7564.11,573.81,145.98,0.64137
2018-03-13 04:39:53.368737,873.37,7575.22,573.81,145.98,0.64371
2018-03-13 04:40:24.810360,873.37,7593.0,573.81,145.98,0.64371
2018-03-13 04:40:55.499577,873.37,7579.74,574.97,145.98,0.64363
2018-03-13 04:41:26.402862,873.37,7579.74,574.97,145.98,0.64363
2018-03-13 04:41:57.151290,873.37,7610.13,576.66,145.98,0.64363
2018-03-13 04:42:27.799768,880.0,7628.15,578.09,146.53,0.64363
2018-03-13 04:42:58.329887,880.0,7640.4,578.72,146.73,0.64363
2018-03-13 04:43:28.852592,880.0,7662.64,578.72,146.73,0.64479
2018-03-13 04:43:59.116819,883.17,7668.82,579.78,147.27,0.6452100000000001
2018-03-13 04:44:29.551129,885.0,7662.8,579.0,147.28,0.64588
2018-03-13 04:45:00.258448,885.0,7644.22,578.58,146.99,0.6454
2018-03-13 04:45:31.079233,885.0,7644.22,578.58,147.27,0.6454
2018-03-13 04:46:01.549718,880.3,7664.5,578.58,147.27,0.64588
2018-03-13 04:46:32.353251,885.0,7640.11,577.96,147.27,0.64588
2018-03-13 04:47:02.858261,885.0,7612.32,577.96,147.27,0.6434
2018-03-13 04:47:33.356944,885.0,7636.59,577.96,147.27,0.6434
2018-03-13 04:48:03.822431,885.0,7636.59,579.22,147.01,0.6434
2018-03-13 04:48:34.829782,885.0,7612.22,579.22,147.01,0.6434
2018-03-13 04:49:05.300253,885.0,7607.76,579.22,146.99,0.6434
2018-03-13 04:49:35.788730,885.0,7617.65,579.22,146.99,0.6434
2018-03-13 04:50:06.373082,880.94,7617.16,579.22,146.99,0.6434
2018-03-13 04:50:36.736771,879.78,7624.3,579.22,146.99,0.6434
2018-03-13 04:51:07.483976,880.2,7630.66,579.22,146.99,0.6434
2018-03-13 04:51:38.048025,880.42,7615.1,579.22,146.99,0.6453899999999999
2018-03-13 04:52:08.597885,880.46,7613.77,579.22,146.99,0.6453899999999999
2018-03-13 04:52:39.082286,880.49,7606.8,574.8,146.99,0.64573
2018-03-13 04:53:09.703568,880.49,7606.8,574.8,146.99,0.64573
2018-03-13 04:53:40.336988,885.0,7641.1,574.8,146.99,0.64573
2018-03-13 04:54:10.946129,885.0,7652.91,577.76,146.99,0.64573
2018-03-13 04:54:41.520894,887.85,7660.74,577.76,146.99,0.64573
2018-03-13 04:55:12.502598,887.85,7630.78,577.76,146.99,0.64573
2018-03-13 04:55:42.951656,887.85,7630.78,577.76,146.99,0.64573
2018-03-13 04:56:13.432779,887.85,7625.51,577.92,146.99,0.64573
2018-03-13 04:56:44.144681,887.85,7631.19,577.92,146.99,0.64573
2018-03-13 04:57:14.787477,887.85,7636.04,577.92,146.99,0.64573
2018-03-13 04:57:45.248865,887.85,7616.32,575.81,146.99,0.64573
2018-03-13 04:58:16.000104,887.85,7616.32,575.81,146.99,0.64573
2018-03-13 04:58:46.513891,887.85,7616.32,575.81,146.99,0.64573
2018-03-13 04:59:17.111803,887.85,7618.69,576.44,146.99,0.64573
2018-03-13 04:59:47.571440,887.42,7619.97,576.44,146.99,0.64573
2018-03-13 05:00:18.770554,887.42,7625.7,576.32,146.99,0.64585
2018-03-13 05:00:51.880870,887.42,7625.7,576.32,146.99,0.64585
2018-03-13 05:01:25.289392,887.42,7624.38,576.32,146.99,0.64585
2018-03-13 05:01:57.242707,887.42,7624.38,576.27,146.99,0.64585
2018-03-13 05:02:28.207667,887.42,7621.96,576.27,146.99,0.64585
2018-03-13 05:02:58.687465,887.42,7621.96,576.27,146.99,0.64585
2018-03-13 05:03:29.179610,887.42,7617.6,576.27,146.99,0.64585
2018-03-13 05:04:00.071808,887.42,7617.6,576.27,146.99,0.64585
2018-03-13 05:04:30.595246,887.42,7617.6,576.27,146.01,0.64578
2018-03-13 05:11:00.900115,887.42,0.0,576.22,146.27,0.64578
2018-03-13 05:11:31.468867,887.42,7621.11,575.42,146.27,0.64578
2018-03-13 05:12:02.264218,887.42,7621.11,575.42,146.27,0.64578
2018-03-13 05:12:33.193769,887.42,7627.98,575.42,146.27,0.64558
2018-03-13 05:31:06.914504,880.0,7589.75,574.29,146.37,0.6455
2018-03-13 05:31:37.398902,880.0,7575.63,574.29,146.37,0.6455
2018-03-13 05:32:07.879258,880.0,7593.29,574.29,146.37,0.6455
2018-03-13 05:32:38.484021,880.0,7589.19,574.29,146.37,0.6455
2018-03-13 05:33:09.096185,880.0,7589.19,574.82,146.37,0.6455
2018-03-13 05:33:39.797118,880.0,7589.19,574.82,146.37,0.6455
2018-03-13 05:34:10.345048,880.0,7578.6,574.82,146.37,0.6455
2018-03-13 05:34:40.770139,880.0,7578.68,574.82,146.37,0.6455
2018-03-13 05:35:11.701502,880.0,7578.68,574.82,146.37,0.64308
2018-03-13 05:35:42.513457,880.0,7578.68,574.82,146.36,0.64308
2018-03-13 05:36:12.951487,880.0,7578.68,574.82,146.36,0.64308
2018-03-13 05:36:43.605532,880.0,7578.68,576.62,146.36,0.64308
2018-03-13 05:43:14.135886,881.32,7578.68,0.0,146.18,0.63915
2018-03-13 05:43:44.707849,881.32,7620.97,577.22,146.18,0.63915
2018-03-13 05:44:15.338706,881.32,7620.9,577.22,146.18,0.63915
2018-03-13 05:44:45.845161,881.32,7620.9,577.22,146.18,0.63915
2018-03-13 05:45:16.967496,881.32,7624.08,577.17,146.18,0.63915
2018-03-13 05:45:47.410025,881.32,7624.08,575.16,146.18,0.63915
2018-03-13 05:46:17.958276,881.32,7633.82,575.16,146.18,0.63915
2018-03-13 05:46:48.592904,881.32,7633.82,575.16,147.0,0.63915
2018-03-13 05:47:19.388238,881.32,7630.1,577.22,147.0,0.63915
2018-03-13 05:47:49.911723,881.32,7624.11,577.22,147.0,0.63915
2018-03-13 05:48:20.357377,881.32,7635.7,577.22,147.0,0.63915
2018-03-13 05:48:50.905012,881.32,7635.7,577.22,147.0,0.64525
2018-03-13 05:49:21.427675,881.32,7635.7,577.22,147.0,0.64525
2018-03-13 05:49:51.755493,881.32,7635.7,577.22,147.0,0.64525
2018-03-13 05:50:23.151380,881.32,7635.7,577.22,147.13,0.64525
2018-03-13 05:50:53.609277,881.32,7635.7,577.22,147.13,0.64525
2018-03-13 05:51:23.963652,881.32,7636.07,574.52,147.13,0.64525
2018-03-13 05:51:54.429271,881.32,7636.07,574.52,147.13,0.64525
2018-03-13 05:52:24.710652,881.32,7636.07,574.52,147.13,0.64525
2018-03-13 05:52:55.285480,881.32,7636.07,574.52,147.13,0.64453
2018-03-13 05:53:25.611501,881.32,7636.07,574.52,146.37,0.64453
2018-03-13 05:53:56.123838,881.32,7629.9,574.52,146.37,0.64453
2018-03-13 05:54:26.568254,881.32,7628.6,574.52,146.37,0.64453
2018-03-13 05:54:56.969221,881.32,7615.0,574.52,146.37,0.64453
2018-03-13 05:55:27.496420,881.32,7608.82,574.52,146.37,0.64453
2018-03-13 05:55:57.906465,881.32,7608.82,574.52,146.37,0.64453
2018-03-13 05:56:28.358723,881.32,7627.55,574.52,146.37,0.64453
2018-03-13 05:56:58.720658,881.32,7610.63,574.52,146.37,0.64453
2018-03-13 05:57:29.171888,881.32,7610.63,574.52,146.37,0.64453
2018-03-13 05:57:59.679085,881.32,7630.57,574.96,146.37,0.64453
2018-03-13 05:58:30.173036,881.32,7630.57,574.96,146.37,0.64453
2018-03-13 05:59:00.533344,885.1,7630.57,574.96,146.37,0.64453
2018-03-13 05:59:30.989923,885.1,7627.17,574.96,146.37,0.64453
2018-03-13 06:00:01.677089,885.1,7627.17,575.26,146.37,0.64453
2018-03-13 06:00:32.679621,885.1,7627.17,575.26,146.37,0.6402800000000001
2018-03-13 06:01:09.302731,885.1,7627.17,575.26,146.37,0.6402800000000001
2018-03-13 06:01:42.040618,885.1,7645.0,575.26,146.37,0.643
2018-03-13 06:02:12.716060,885.1,7657.09,576.45,146.37,0.6437
2018-03-13 06:31:00.988619,869.52,7617.49,575.7,146.63,0.64491
2018-03-13 06:31:31.436121,869.52,7617.49,575.7,146.63,0.64491
2018-03-13 06:32:02.193273,869.52,7610.0,575.7,146.63,0.64491
2018-03-13 06:32:32.523147,869.52,7610.01,575.46,146.63,0.64491
2018-03-13 06:33:02.754512,869.52,7610.01,575.46,146.63,0.64491
2018-03-13 06:33:33.261750,869.52,7620.13,575.46,146.63,0.64491
2018-03-13 06:34:03.648562,869.52,7620.09,575.46,146.63,0.64491
2018-03-13 06:34:34.283968,869.52,7620.6,575.46,146.63,0.64491
2018-03-13 06:35:04.762360,869.52,7623.96,575.46,146.63,0.64491
2018-03-13 06:35:35.552537,869.52,7623.96,575.46,146.63,0.64361
2018-03-13 06:36:06.210330,869.52,7610.1,575.46,146.63,0.64361
2018-03-13 06:36:36.667474,869.52,7610.1,575.46,146.63,0.64361
2018-03-13 06:37:07.343110,869.52,7610.1,575.46,146.63,0.64361
2018-03-13 06:37:37.863248,869.52,7610.2,575.46,146.6,0.64361
2018-03-13 06:38:08.300514,869.52,7616.9,575.46,146.6,0.64361
2018-03-13 06:38:39.098853,869.52,7626.0,576.75,146.6,0.64361
2018-03-13 06:39:09.498923,869.52,7626.0,576.75,146.5,0.64361
2018-03-13 06:39:40.257986,869.52,7626.0,576.75,146.5,0.64361
2018-03-13 06:40:11.068097,869.52,7649.67,576.75,146.5,0.64361
2018-03-13 06:40:42.287458,869.52,7650.99,576.75,146.31,0.63876
2018-03-13 06:41:13.106554,869.52,7646.28,576.75,146.31,0.63876
2018-03-13 06:41:43.582130,869.52,7646.28,576.75,146.31,0.63876
2018-03-13 06:42:14.137870,869.52,7630.1,577.76,146.31,0.63876
2018-03-13 06:42:44.657446,869.52,7630.12,577.76,146.31,0.64
2018-03-13 06:43:15.114659,869.52,7630.12,578.19,146.31,0.64
2018-03-13 06:43:45.886822,869.52,7630.12,578.19,146.31,0.64
2018-03-13 06:44:16.437475,869.52,7642.52,578.19,146.31,0.64
2018-03-13 06:44:47.040069,869.52,7642.0,578.19,146.31,0.64
2018-03-13 06:45:18.285687,869.52,7646.71,578.34,146.31,0.64
2018-03-13 06:45:48.564612,869.52,7640.62,577.77,146.31,0.6438699999999999
2018-03-13 06:46:19.161541,869.52,7640.35,578.03,146.69,0.6438699999999999
2018-03-13 06:46:50.029170,869.52,7633.51,578.03,146.69,0.6438699999999999
2018-03-13 06:47:20.430854,869.52,7645.84,578.03,146.69,0.6438699999999999
2018-03-13 06:47:51.243871,869.52,7645.84,577.43,146.64,0.64426
2018-03-13 06:48:21.729474,869.52,7645.84,577.32,146.64,0.6462399999999999
2018-03-13 06:48:52.344313,869.52,7631.0,577.32,146.64,0.6462399999999999
2018-03-13 06:49:22.994226,869.52,7631.0,577.32,146.47,0.6462399999999999
2018-03-13 06:49:53.595907,869.52,7630.0,577.06,146.47,0.6444
2018-03-13 06:50:24.775446,869.52,7621.96,577.19,146.47,0.6444
2018-03-13 06:50:55.312458,869.52,7621.96,577.19,146.47,0.6444
2018-03-13 06:51:26.042237,869.52,7621.96,577.19,146.31,0.6444
2018-03-13 06:51:56.455764,869.52,7620.71,577.19,146.31,0.6444
2018-03-13 06:52:26.800497,869.52,7633.9,577.19,146.31,0.6444
2018-03-13 06:52:57.408070,869.52,7637.68,577.19,146.2,0.6444
2018-03-13 06:53:28.100897,869.52,7639.64,577.19,146.2,0.6444
2018-03-13 06:53:58.851128,869.52,7639.64,577.19,146.2,0.6444
2018-03-13 06:54:29.364024,869.52,7639.64,577.19,146.2,0.6444
2018-03-13 06:55:00.025806,869.52,7630.0,577.19,146.2,0.6444
2018-03-13 06:55:30.460584,878.63,7626.88,577.19,146.2,0.6444
2018-03-13 06:56:00.807011,878.63,7630.0,577.19,146.2,0.64
2018-03-13 06:56:31.268715,878.63,7630.0,577.19,146.2,0.64
2018-03-13 06:57:01.721107,878.63,7629.95,577.19,146.2,0.64
2018-03-13 06:57:32.432965,878.63,7620.0,577.19,145.53,0.64
2018-03-13 06:58:02.940842,878.63,7616.68,577.19,145.53,0.64
2018-03-13 06:58:33.453000,878.63,7593.43,577.19,145.22,0.64
2018-03-13 06:59:03.956145,878.63,7593.43,577.19,145.22,0.64
2018-03-13 06:59:34.502980,878.63,7619.5,577.19,145.22,0.64
2018-03-13 07:00:05.164210,868.15,7619.5,575.01,145.22,0.64
2018-03-13 07:00:36.447679,868.15,7615.38,575.0,145.22,0.64
2018-03-13 07:01:11.469531,868.15,7615.38,575.0,145.22,0.64
2018-03-13 07:01:44.033714,868.15,7607.87,574.5,145.22,0.64
2018-03-13 07:02:14.550127,868.15,7602.01,575.74,145.22,0.64173
2018-03-13 07:02:45.018385,868.15,7602.01,576.02,145.22,0.64163
2018-03-13 07:03:15.586058,868.15,7602.01,576.02,145.22,0.64157
2018-03-13 07:03:46.133209,868.15,7611.72,576.02,145.22,0.64157
2018-03-13 07:04:16.710266,868.15,7618.3,576.02,145.04,0.64157
2018-03-13 07:04:47.450705,868.45,7606.07,574.5,145.04,0.64157
2018-03-13 07:05:18.567871,868.45,7596.41,574.5,145.04,0.64157
2018-03-13 07:05:49.094321,868.45,7611.49,574.5,145.04,0.64157
2018-03-13 07:06:19.946307,868.45,7604.82,574.5,145.04,0.64157
2018-03-13 07:31:17.945342,865.0,7495.0,570.58,143.57,0.6313300000000001
2018-03-13 07:31:48.796201,865.0,7470.19,567.65,143.53,0.6313300000000001
2018-03-13 07:32:19.362836,865.0,7470.0,569.71,143.36,0.6313300000000001
2018-03-13 07:32:49.933675,865.0,7470.0,569.71,143.36,0.6316
2018-03-13 07:33:20.397720,865.0,7470.1,569.71,142.93,0.6316
2018-03-13 07:33:51.050240,865.0,7470.1,569.71,143.44,0.6316
2018-03-13 07:34:21.611980,865.0,7470.1,566.51,143.44,0.6316
2018-03-13 07:34:51.972284,865.0,7470.1,566.51,143.44,0.6316
2018-03-13 07:35:22.559984,865.0,7480.1,567.0,143.44,0.6316
2018-03-13 07:35:53.064043,865.0,7473.8,567.0,143.44,0.6316
2018-03-13 07:36:23.895023,865.0,7478.1,566.48,143.44,0.6316
2018-03-13 07:36:54.435555,865.0,7489.26,566.48,143.44,0.6316
2018-03-13 07:37:24.763000,849.99,7453.11,566.48,143.43,0.6316
2018-03-13 07:37:55.262495,849.99,7456.99,566.18,143.43,0.63446
2018-03-13 07:38:25.717793,849.56,7414.62,565.01,142.2,0.62935
2018-03-13 07:38:56.148373,849.56,7423.49,565.01,142.2,0.62935
2018-03-13 07:39:26.671649,849.56,7428.4,564.73,142.2,0.63317
2018-03-13 07:39:57.207171,849.56,7442.3,564.73,142.28,0.63317
2018-03-13 07:40:28.780412,849.56,7427.3,564.73,142.28,0.62954
2018-03-13 07:40:59.404293,849.56,7409.0,564.73,142.28,0.63
2018-03-13 07:41:29.848049,849.56,7411.97,563.59,142.28,0.63
2018-03-13 07:42:00.469721,849.56,7427.57,565.32,142.89,0.63
2018-03-13 07:42:30.727205,849.56,7445.15,565.32,142.89,0.63
2018-03-13 07:43:01.261109,849.56,7422.1,565.32,142.89,0.63294
2018-03-13 07:43:31.858270,849.56,7443.68,565.32,143.19,0.6329600000000001
2018-03-13 07:44:02.516926,849.56,7438.94,565.32,143.19,0.633
2018-03-13 07:44:32.968665,849.56,7461.39,565.32,143.19,0.633
2018-03-13 07:45:03.370111,849.56,7461.39,566.73,143.19,0.633
2018-03-13 07:45:34.269606,845.94,7461.39,565.23,143.19,0.633
2018-03-13 07:46:05.031121,845.94,7465.9,568.09,143.67,0.633
2018-03-13 07:46:35.871388,845.94,7458.41,568.09,143.73,0.6355
2018-03-13 07:47:06.685460,845.94,7467.2,568.09,143.73,0.6355
2018-03-13 07:47:37.317935,845.94,7450.0,568.09,143.73,0.6355
2018-03-13 07:48:08.215256,845.94,7445.1,568.09,143.73,0.6355
2018-03-13 07:48:38.753362,845.94,7445.0,568.09,143.73,0.6355
2018-03-13 07:49:09.580464,845.94,7445.0,568.09,143.03,0.6355
2018-03-13 07:49:40.096485,845.94,7449.4,568.09,143.03,0.6355
2018-03-13 07:50:10.956011,845.94,7463.96,567.9,143.03,0.6355
2018-03-13 07:50:41.667033,845.94,7448.8,568.62,143.03,0.6355
2018-03-13 07:51:12.461826,845.94,7459.25,568.62,143.03,0.6355
2018-03-13 07:51:43.356870,845.94,7459.25,568.62,143.03,0.6355
2018-03-13 07:52:13.849085,845.94,7465.9,568.34,143.03,0.6355
2018-03-13 07:52:44.492015,845.94,7465.9,570.11,143.74,0.6355
2018-03-13 07:53:14.880712,845.94,7488.66,570.04,143.74,0.63595
2018-03-13 07:53:45.388601,845.94,7486.71,570.04,143.75,0.63595
2018-03-13 07:54:15.933334,845.94,7477.72,570.04,143.75,0.63595
2018-03-13 07:54:46.368962,845.94,7488.71,571.01,143.75,0.63595
2018-03-13 07:55:17.265271,845.94,7475.37,571.01,143.75,0.6355
2018-03-13 07:55:47.982312,845.94,7475.37,571.01,143.75,0.6355
2018-03-13 07:56:18.410474,845.94,7475.79,571.01,143.68,0.6355
2018-03-13 07:56:48.787358,845.94,7475.79,571.01,143.68,0.6355
2018-03-13 07:57:19.651892,845.94,7475.79,571.01,143.68,0.6355
2018-03-13 07:57:50.441637,845.94,7477.98,570.92,143.68,0.6333300000000001
2018-03-13 07:58:20.726055,845.94,7477.98,570.92,143.68,0.63545
2018-03-13 07:58:51.331961,845.94,7477.03,570.92,143.98,0.63545
2018-03-13 07:59:21.791548,845.94,7485.37,569.0,143.98,0.63549
2018-03-13 07:59:52.528861,845.94,7494.3,568.8,143.98,0.63549
2018-03-13 08:00:23.556068,851.59,7494.3,568.8,144.17,0.63347
2018-03-13 08:00:58.925733,851.59,7494.3,568.8,144.16,0.63347
2018-03-13 08:01:31.663304,851.59,7480.5,568.8,144.16,0.6355
2018-03-13 08:02:02.965136,851.59,7480.69,568.8,144.16,0.6355
2018-03-13 08:02:33.840478,851.59,7473.01,568.8,143.52,0.6355
2018-03-13 08:03:04.452155,851.59,7473.01,568.8,143.52,0.634
2018-03-13 08:03:35.467836,851.59,7456.72,568.06,143.83,0.634
2018-03-13 08:04:06.009038,851.59,7460.0,568.06,143.83,0.634
2018-03-13 08:04:36.713943,851.59,7441.24,568.06,143.74,0.634
2018-03-13 08:05:07.396178,851.59,7440.39,568.06,143.74,0.634
2018-03-13 08:05:37.903677,851.59,7458.99,569.06,143.74,0.634
2018-03-13 08:06:08.674498,851.59,7459.0,569.06,143.74,0.634
2018-03-13 08:06:39.245682,851.59,7463.83,569.06,143.19,0.63194
2018-03-13 08:31:07.283657,843.04,7423.04,565.96,143.34,0.63
2018-03-13 08:31:37.919352,843.04,7424.0,565.96,143.34,0.63143
2018-03-13 08:32:08.607450,844.63,7425.9,567.05,143.04,0.63139
2018-03-13 08:32:38.884299,844.63,7447.19,567.05,143.04,0.6314
2018-03-13 08:33:09.410846,844.63,7435.41,567.05,143.7,0.6314
2018-03-13 08:33:40.334034,844.63,7435.3,567.05,143.7,0.63174
2018-03-13 08:34:11.051985,844.63,7429.4,567.05,143.7,0.62985
2018-03-13 08:34:41.317908,844.63,7450.68,567.05,143.5,0.62985
2018-03-13 08:35:12.168068,844.63,7450.68,567.05,143.5,0.62985
2018-03-13 08:35:42.522907,844.63,7450.68,567.05,143.49,0.62985
